<?xml version="1.0" encoding="utf-8"?>
<?xml-stylesheet type="text/xsl" href="http://jsbsim.sf.net/JSBSimScript.xsl"?>
<runscript xmlns:xsi="http://www.w3.org/2001/XMLSchema-instance"
    xsi:noNamespaceSchemaLocation="http://jsbsim.sf.net/JSBSimScript.xsd"
    name="Phugoid">

  <description>
     Phugoid Dynamics - Cruise

     Author:
    Bill Galbraith
    Holy Cows, Inc.
    billg@holycows.net
    November 2010
  </description>
  
  <!--
  This test trims the aircraft at the initial conditions, then excites 
  the Phugoid motion by appling a pulse into the elevator by playing back 
  the same pulse magnitude as in the criteria data, and allows the 
  simulation to run for 244 seconds. The elevator is controlled 
  throughout the entire test, so this is considered a stick-fixed test.
  -->
  
  <use aircraft="Tutorial_1" initialize="scripts/airborne"/>
  <run start="0.0" end="244" dt="0.0166667">

    <!-- Declare the local parameters -->
    <property> fcs/elevator-offset-deg </property>
    <property> fcs/elevator-playback-cmd-deg </property>
    <property> fcs/elevator-cmd-deg </property>

    <!-- 
      Specify the initial conditions for the test if
      different than in the initialize script, and
      trim the aircraft.
    -->
    <event name="Trim">
      <description>Trim at the initial conditions state</description>
      <condition> simulation/sim-time-sec ge 0.0 </condition>
        <set name="ic/vc-kts"  value="157.0"/>
        <set name="ic/h-sl-ft" value="9624.0"/>
        <set name="simulation/do_simple_trim" value="1"/>
    </event>

    <!-- 
    The current control system is a joystick, so the trim function is different than
    in the aircraft. With the joystick, trim is a separate input into the elevator
    deflection than the yoke position. In the aircraft, changing trim will change the
    elevator position, and since the controls are full reversible, the yoke position
    will change as well. As such, we have commented out the actual elevator position below
    and just use 0.0.
    
    If the real aircraft system were simulated, we would want to trim the aircraft with
    the trim tab, which would change the yoke position. From that trimmed psition, we
    would calculate the offset from the criteria data, so that we input the same inputs
    relative to it's starting point. If we didn't do that, but instead played back the
    absolute position, at the first frame, the elevator would jump from the JSBSim trimmed
    value to the position it was in the criteria data. That's not a good idea.
    -->

    <event name="Calculate the elevator offset in degrees">
      <condition> simulation/sim-time-sec ge 0.0 </condition>
      <set name="fcs/elevator-offset-deg">
        <function>
              <difference>
                <!--<property> fcs/elevator-pos-deg </property> -->
                <value> 0.0 </value>
                <value> 0.244034 </value>   <!-- the first value in the playback table -->
              </difference>
        </function>
      </set>
      <notify>
         <property> fcs/elevator-pos-deg </property>
         <property> fcs/elevator-offset-deg </property>
         <property> fcs/pitch-trim-cmd-norm </property>
      </notify>
    </event>      

    
    <!-- 
    Playback an actual time history of the elevator position. Here, we are just looking 
    up the elevator position from the criteria data
    -->
    <event name="Calculate the cmd playback elev pos in deg" continuous="true">
      <description>Provide a time history input for the elevator</description>
      <condition> simulation/sim-time-sec ge 0.0 </condition>
      <set name="fcs/elevator-playback-cmd-deg" >
          <function>
              <table>
                <independentVar lookup="row">simulation/sim-time-sec</independentVar>
                <tableData>
                    0.00    0.2440
                    0.25    0.2497
                    0.50    0.2578
                    0.75    0.2341
                    1.00    0.2310
                    1.25    0.2124
                    1.50    0.2150
                    1.75    0.2363
                    2.00    0.2320
                    2.25    0.2291
                    2.50    0.2387
                    2.75    0.2631
                    3.00    0.2538
                    3.25    0.2583
                    3.50    0.2536
                    3.75    0.2531
                    4.00    0.2571
                    4.25    0.2597
                    4.50    0.2580
                    4.75    0.2613
                    5.00    0.2572
                    5.25    0.2535
                    5.50    0.2516
                    5.75    0.2515
                    6.00    0.2402
                    6.25    0.2517
                    6.50    0.2474
                    6.75    0.2533
                    7.00    0.2541
                    7.25    0.2587
                    7.50    0.2611
                    7.75    0.2840
                    8.00    0.4505
                    8.25    0.4921
                    8.50    0.4944
                    8.75    0.4955
                    9.00    0.4913
                    9.25    0.5869
                    9.50    0.6500
                    9.75    0.6969
                    10.00    0.7066
                    10.25    0.7183
                    10.50    0.7270
                    10.75    0.7231
                    11.00    0.6996
                    11.25    0.5460
                    11.50    0.6335
                    11.75    0.6602
                    12.00    0.6097
                    12.25    0.6245
                    12.50    0.6361
                    12.75    0.6507
                    13.00    0.6302
                    13.25    0.6092
                    13.50    0.6295
                    13.75    0.6349
                    14.00    0.7293
                    14.25    0.7224
                    14.50    0.7256
                    14.75    0.7267
                    15.00    0.7221
                    15.25    0.7225
                    15.50    0.7262
                    15.75    0.7232
                    16.00    0.7260
                    16.25    0.7154
                    16.50    0.6730
                    16.75    0.6559
                    17.00    0.6856
                    17.25    0.7162
                    17.50    0.7060
                    17.75    0.7082
                    18.00    0.7053
                    18.25    0.7037
                    18.50    0.6931
                    18.75    0.6755
                    19.00    0.6575
                    19.25    0.5933
                    19.50    0.5071
                    19.75    0.5024
                    20.00    0.4903
                    20.25    0.4931
                    20.50    0.4960
                    20.75    0.4936
                    21.00    0.4950
                    21.25    0.4886
                    21.50    0.4922
                    21.75    0.4973
                    22.00    0.4928
                    22.25    0.4943
                    22.50    0.4931
                    22.75    0.4948
                    23.00    0.4923
                    23.25    0.4903
                    23.50    0.4931
                    23.75    0.4915
                    24.00    0.4965
                    24.25    0.4585
                    24.50    0.4203
                    24.75    0.2558
                    25.00    0.2559
                    25.25    0.2195
                    25.50    0.2051
                    25.75    0.1938
                    26.00    0.1956
                    26.25    0.1973
                    26.50    0.1948
                    26.75    0.1948
                    27.00    0.1944
                    27.25    0.1931
                    27.50    0.1959
                    27.75    0.1914
                    28.00    0.1956
                    28.25    0.1955
                    28.50    0.1939
                    28.75    0.1952
                    29.00    0.1929
                    29.25    0.1940
                    29.50    0.1926
                    29.75    0.1943
                    30.00    0.1942
                    30.25    0.1948
                    30.50    0.1933
                    30.75    0.1936
                    31.00    0.1952
                    31.25    0.1967
                    31.50    0.1979
                    31.75    0.1982
                    32.00    0.1989
                    32.25    0.1938
                    32.50    0.1966
                    32.75    0.1958
                    33.00    0.1975
                    33.25    0.1961
                    33.50    0.1922
                    33.75    0.1949
                    34.00    0.1953
                    34.25    0.1961
                    34.50    0.1974
                    34.75    0.1951
                    35.00    0.1943
                    35.25    0.2052
                    35.50    0.1990
                    35.75    0.2074
                    36.00    0.2147
                    36.25    0.2089
                    36.50    0.2247
                    36.75    0.2089
                    37.00    0.2052
                    37.25    0.2277
                    37.50    0.2174
                    37.75    0.2341
                    38.00    0.2434
                    38.25    0.2518
                    38.50    0.2525
                    38.75    0.2511
                    39.00    0.2571
                    39.25    0.2511
                    39.50    0.2622
                    39.75    0.2539
                    40.00    0.2537
                    40.25    0.2565
                    40.50    0.2578
                    40.75    0.2601
                    41.00    0.2604
                    41.25    0.2573
                    41.50    0.2587
                    41.75    0.2563
                    42.00    0.2580
                    42.25    0.2575
                    42.50    0.2583
                    42.75    0.2600
                    43.00    0.2589
                    43.25    0.2570
                    43.50    0.2592
                    43.75    0.2599
                    44.00    0.2609
                    44.25    0.2582
                    44.50    0.2572
                    44.75    0.2590
                    45.00    0.2627
                    45.25    0.2586
                    45.50    0.2612
                    45.75    0.2589
                    46.00    0.2583
                    46.25    0.2603
                    46.50    0.2563
                    46.75    0.2575
                    47.00    0.2591
                    47.25    0.2593
                    47.50    0.2581
                    47.75    0.2590
                    48.00    0.2606
                    48.25    0.2597
                    48.50    0.2608
                    48.75    0.2557
                    49.00    0.2594
                    49.25    0.2592
                    49.50    0.2604
                    49.75    0.2607
                    50.00    0.2589
                    50.25    0.2597
                    50.50    0.2610
                    50.75    0.2588
                    51.00    0.2569
                    51.25    0.2625
                    51.50    0.2598
                    51.75    0.2594
                    52.00    0.2628
                    52.25    0.2606
                    52.50    0.2605
                    52.75    0.2582
                    53.00    0.2590
                    53.25    0.2582
                    53.50    0.2569
                    53.75    0.2589
                    54.00    0.2595
                    54.25    0.2584
                    54.50    0.2587
                    54.75    0.2564
                    55.00    0.2601
                    55.25    0.2626
                    55.50    0.2565
                    55.75    0.2580
                    56.00    0.2532
                    56.25    0.2588
                    56.50    0.2508
                    56.75    0.2354
                    57.00    0.2063
                    57.25    0.1948
                    57.50    0.1965
                    57.75    0.1948
                    58.00    0.1954
                    58.25    0.1942
                    58.50    0.1961
                    58.75    0.1985
                    59.00    0.1957
                    59.25    0.1938
                    59.50    0.1930
                    59.75    0.1982
                    60.00    0.1968
                    60.25    0.1968
                    60.50    0.1910
                    60.75    0.1959
                    61.00    0.1956
                    61.25    0.1963
                    61.50    0.1963
                    61.75    0.1945
                    62.00    0.1960
                    62.25    0.2008
                    62.50    0.2040
                    62.75    0.2012
                    63.00    0.1954
                    63.25    0.1968
                    63.50    0.1941
                    63.75    0.1964
                    64.00    0.1963
                    64.25    0.1948
                    64.50    0.1967
                    64.75    0.1975
                    65.00    0.1951
                    65.25    0.1958
                    65.50    0.1933
                    65.75    0.1958
                    66.00    0.1927
                    66.25    0.1973
                    66.50    0.1943
                    66.75    0.1986
                    67.00    0.1971
                    67.25    0.1977
                    67.50    0.1997
                    67.75    0.1934
                    68.00    0.1924
                    68.25    0.1954
                    68.50    0.1941
                    68.75    0.1963
                    69.00    0.1939
                    69.25    0.1955
                    69.50    0.1970
                    69.75    0.1967
                    70.00    0.1944
                    70.25    0.1967
                    70.50    0.1949
                    70.75    0.1981
                    71.00    0.1926
                    71.25    0.1975
                    71.50    0.1930
                    71.75    0.1943
                    72.00    0.1958
                    72.25    0.1934
                    72.50    0.1955
                    72.75    0.1936
                    73.00    0.1960
                    73.25    0.1974
                    73.50    0.1963
                    73.75    0.1984
                    74.00    0.1945
                    74.25    0.1956
                    74.50    0.1947
                    74.75    0.1957
                    75.00    0.1945
                    75.25    0.1963
                    75.50    0.1978
                    75.75    0.1955
                    76.00    0.1961
                    76.25    0.1947
                    76.50    0.1959
                    76.75    0.1960
                    77.00    0.1954
                    77.25    0.1975
                    77.50    0.1931
                    77.75    0.1919
                    78.00    0.1953
                    78.25    0.1958
                    78.50    0.1895
                    78.75    0.1956
                    79.00    0.1969
                    79.25    0.1979
                    79.50    0.1949
                    79.75    0.1963
                    80.00    0.1964
                    80.25    0.1967
                    80.50    0.1936
                    80.75    0.1944
                    81.00    0.1955
                    81.25    0.1947
                    81.50    0.2005
                    81.75    0.1985
                    82.00    0.1962
                    82.25    0.1951
                    82.50    0.2036
                    82.75    0.2288
                    83.00    0.2091
                    83.25    0.1990
                    83.50    0.2058
                    83.75    0.1968
                    84.00    0.1980
                    84.25    0.2089
                    84.50    0.2057
                    84.75    0.2094
                    85.00    0.1984
                    85.25    0.2097
                    85.50    0.2048
                    85.75    0.2298
                    86.00    0.2299
                    86.25    0.2288
                    86.50    0.2288
                    86.75    0.2511
                    87.00    0.2430
                    87.25    0.2324
                    87.50    0.2269
                    87.75    0.2581
                    88.00    0.2442
                    88.25    0.2311
                    88.50    0.2336
                    88.75    0.2165
                    89.00    0.2463
                    89.25    0.2542
                    89.50    0.2498
                    89.75    0.2632
                    90.00    0.2499
                    90.25    0.2497
                    90.50    0.2564
                    90.75    0.2502
                    91.00    0.2522
                    91.25    0.2512
                    91.50    0.2529
                    91.75    0.2534
                    92.00    0.2616
                    92.25    0.2576
                    92.50    0.2590
                    92.75    0.2594
                    93.00    0.2602
                    93.25    0.2543
                    93.50    0.2576
                    93.75    0.2499
                    94.00    0.2599
                    94.25    0.2619
                    94.50    0.2581
                    94.75    0.2572
                    95.00    0.2610
                    95.25    0.2587
                    95.50    0.2511
                    95.75    0.2585
                    96.00    0.2586
                    96.25    0.2616
                    96.50    0.2587
                    96.75    0.2569
                    97.00    0.2514
                    97.25    0.2604
                    97.50    0.2500
                    97.75    0.2535
                    98.00    0.2538
                    98.25    0.2567
                    98.50    0.2515
                    98.75    0.2616
                    99.00    0.2556
                    99.25    0.2520
                    99.50    0.2530
                    99.75    0.2616
                    100.00    0.2598
                    100.25    0.2561
                    100.50    0.2442
                    100.75    0.2594
                    101.00    0.2430
                    101.25    0.2629
                    101.50    0.2555
                    101.75    0.2562
                    102.00    0.2549
                    102.25    0.2574
                    102.50    0.2506
                    102.75    0.2473
                    103.00    0.2428
                    103.25    0.2442
                    103.50    0.2496
                    103.75    0.2297
                    104.00    0.2521
                    104.25    0.2472
                    104.50    0.2419
                    104.75    0.2157
                    105.00    0.2402
                    105.25    0.2084
                    105.50    0.2142
                    105.75    0.2197
                    106.00    0.2092
                    106.25    0.2175
                    106.50    0.2345
                    106.75    0.2151
                    107.00    0.2231
                    107.25    0.2081
                    107.50    0.1969
                    107.75    0.2099
                    108.00    0.2024
                    108.25    0.2109
                    108.50    0.2041
                    108.75    0.2033
                    109.00    0.2025
                    109.25    0.2013
                    109.50    0.1973
                    109.75    0.1964
                    110.00    0.1951
                    110.25    0.2001
                    110.50    0.2014
                    110.75    0.1934
                    111.00    0.1982
                    111.25    0.1948
                    111.50    0.1995
                    111.75    0.1985
                    112.00    0.1924
                    112.25    0.1976
                    112.50    0.1988
                    112.75    0.2005
                    113.00    0.1934
                    113.25    0.1993
                    113.50    0.1947
                    113.75    0.1940
                    114.00    0.1952
                    114.25    0.1933
                    114.50    0.1952
                    114.75    0.1947
                    115.00    0.1953
                    115.25    0.1959
                    115.50    0.1930
                    115.75    0.1987
                    116.00    0.1948
                    116.25    0.1977
                    116.50    0.1952
                    116.75    0.1967
                    117.00    0.1958
                    117.25    0.1964
                    117.50    0.1965
                    117.75    0.1968
                    118.00    0.1955
                    118.25    0.1970
                    118.50    0.1928
                    118.75    0.1936
                    119.00    0.1989
                    119.25    0.2017
                    119.50    0.1936
                    119.75    0.1976
                    120.00    0.2122
                    120.25    0.2000
                    120.50    0.2173
                    120.75    0.2038
                    121.00    0.2129
                    121.25    0.2323
                    121.50    0.2126
                    121.75    0.2101
                    122.00    0.2445
                    122.25    0.2132
                    122.50    0.2386
                    122.75    0.2170
                    123.00    0.2245
                    123.25    0.2429
                    123.50    0.2460
                    123.75    0.2481
                    124.00    0.2501
                    124.25    0.2486
                    124.50    0.2417
                    124.75    0.2474
                    125.00    0.2475
                    125.25    0.2476
                    125.50    0.2492
                    125.75    0.2510
                    126.00    0.2511
                    126.25    0.2536
                    126.50    0.2580
                    126.75    0.2512
                    127.00    0.2481
                    127.25    0.2623
                    127.50    0.2519
                    127.75    0.2481
                    128.00    0.2619
                    128.25    0.2601
                    128.50    0.2564
                    128.75    0.2608
                    129.00    0.2538
                    129.25    0.2616
                    129.50    0.2580
                    129.75    0.2571
                    130.00    0.2561
                    130.25    0.2601
                    130.50    0.2572
                    130.75    0.2569
                    131.00    0.2539
                    131.25    0.2527
                    131.50    0.2555
                    131.75    0.2604
                    132.00    0.2558
                    132.25    0.2602
                    132.50    0.2526
                    132.75    0.2551
                    133.00    0.2539
                    133.25    0.2631
                    133.50    0.2570
                    133.75    0.2616
                    134.00    0.2543
                    134.25    0.2600
                    134.50    0.2546
                    134.75    0.2628
                    135.00    0.2592
                    135.25    0.2624
                    135.50    0.2617
                    135.75    0.2537
                    136.00    0.2563
                    136.25    0.2631
                    136.50    0.2594
                    136.75    0.2567
                    137.00    0.2602
                    137.25    0.2591
                    137.50    0.2513
                    137.75    0.2583
                    138.00    0.2545
                    138.25    0.2570
                    138.50    0.2516
                    138.75    0.2583
                    139.00    0.2510
                    139.25    0.2528
                    139.50    0.2595
                    139.75    0.2582
                    140.00    0.2594
                    140.25    0.2490
                    140.50    0.2560
                    140.75    0.2580
                    141.00    0.2537
                    141.25    0.2546
                    141.50    0.2474
                    141.75    0.2618
                    142.00    0.2600
                    142.25    0.2627
                    142.50    0.2612
                    142.75    0.2594
                    143.00    0.2596
                    143.25    0.2632
                    143.50    0.2535
                    143.75    0.2571
                    144.00    0.2539
                    144.25    0.2476
                    144.50    0.2550
                    144.75    0.2564
                    145.00    0.2469
                    145.25    0.2539
                    145.50    0.2557
                    145.75    0.2525
                    146.00    0.2524
                    146.25    0.2493
                    146.50    0.2563
                    146.75    0.2438
                    147.00    0.2446
                    147.25    0.2517
                    147.50    0.2433
                    147.75    0.2550
                    148.00    0.2438
                    148.25    0.2553
                    148.50    0.2606
                    148.75    0.2436
                    149.00    0.2431
                    149.25    0.2340
                    149.50    0.2387
                    149.75    0.2373
                    150.00    0.2523
                    150.25    0.2269
                    150.50    0.2444
                    150.75    0.2394
                    151.00    0.2218
                    151.25    0.2474
                    151.50    0.2318
                    151.75    0.2142
                    152.00    0.2467
                    152.25    0.2256
                    152.50    0.2327
                    152.75    0.2252
                    153.00    0.2325
                    153.25    0.2380
                    153.50    0.2312
                    153.75    0.2321
                    154.00    0.2345
                    154.25    0.2199
                    154.50    0.2253
                    154.75    0.2175
                    155.00    0.2264
                    155.25    0.2170
                    155.50    0.2165
                    155.75    0.2018
                    156.00    0.2098
                    156.25    0.2092
                    156.50    0.1979
                    156.75    0.2212
                    157.00    0.2068
                    157.25    0.2056
                    157.50    0.2063
                    157.75    0.1950
                    158.00    0.1976
                    158.25    0.1992
                    158.50    0.2044
                    158.75    0.2150
                    159.00    0.2085
                    159.25    0.2001
                    159.50    0.2233
                    159.75    0.2073
                    160.00    0.2038
                    160.25    0.2013
                    160.50    0.1934
                    160.75    0.2068
                    161.00    0.2179
                    161.25    0.2008
                    161.50    0.1976
                    161.75    0.2040
                    162.00    0.2040
                    162.25    0.2093
                    162.50    0.1980
                    162.75    0.1955
                    163.00    0.1995
                    163.25    0.2053
                    163.50    0.1987
                    163.75    0.1959
                    164.00    0.1956
                    164.25    0.2005
                    164.50    0.1952
                    164.75    0.2025
                    165.00    0.1989
                    165.25    0.2036
                    165.50    0.1945
                    165.75    0.1975
                    166.00    0.2113
                    166.25    0.2042
                    166.50    0.2040
                    166.75    0.1966
                    167.00    0.2151
                    167.25    0.2041
                    167.50    0.2162
                    167.75    0.1981
                    168.00    0.2049
                    168.25    0.1970
                    168.50    0.2026
                    168.75    0.1983
                    169.00    0.2069
                    169.25    0.2012
                    169.50    0.1948
                    169.75    0.2109
                    170.00    0.2012
                    170.25    0.2090
                    170.50    0.2029
                    170.75    0.2012
                    171.00    0.2134
                    171.25    0.2047
                    171.50    0.2090
                    171.75    0.2179
                    172.00    0.2112
                    172.25    0.2191
                    172.50    0.2084
                    172.75    0.2233
                    173.00    0.2163
                    173.25    0.2287
                    173.50    0.2120
                    173.75    0.2211
                    174.00    0.2095
                    174.25    0.2256
                    174.50    0.2384
                    174.75    0.2253
                    175.00    0.2162
                    175.25    0.2249
                    175.50    0.2333
                    175.75    0.2259
                    176.00    0.2477
                    176.25    0.2338
                    176.50    0.2462
                    176.75    0.2390
                    177.00    0.2500
                    177.25    0.2314
                    177.50    0.2484
                    177.75    0.2406
                    178.00    0.2443
                    178.25    0.2481
                    178.50    0.2549
                    178.75    0.2437
                    179.00    0.2588
                    179.25    0.2440
                    179.50    0.2409
                    179.75    0.2466
                    180.00    0.2602
                    180.25    0.2572
                    180.50    0.2459
                    180.75    0.2515
                    181.00    0.2512
                    181.25    0.2511
                    181.50    0.2594
                    181.75    0.2556
                    182.00    0.2580
                    182.25    0.2491
                    182.50    0.2468
                    182.75    0.2413
                    183.00    0.2568
                    183.25    0.2570
                    183.50    0.2561
                    183.75    0.2576
                    184.00    0.2584
                    184.25    0.2519
                    184.50    0.2490
                    184.75    0.2366
                    185.00    0.2496
                    185.25    0.2599
                    185.50    0.2411
                    185.75    0.2020
                    186.00    0.2034
                    186.25    0.1984
                    186.50    0.1971
                    186.75    0.1967
                    187.00    0.1957
                    187.25    0.1979
                    187.50    0.1965
                    187.75    0.1978
                    188.00    0.1973
                    188.25    0.1981
                    188.50    0.1942
                    188.75    0.1974
                    189.00    0.1955
                    189.25    0.1934
                    189.50    0.1959
                    189.75    0.1950
                    190.00    0.1943
                    190.25    0.1954
                    190.50    0.1997
                    190.75    0.1953
                    191.00    0.1970
                    191.25    0.1943
                    191.50    0.1959
                    191.75    0.1942
                    192.00    0.1969
                    192.25    0.1968
                    192.50    0.1973
                    192.75    0.1952
                    193.00    0.1962
                    193.25    0.1974
                    193.50    0.1945
                    193.75    0.2051
                    194.00    0.1952
                    194.25    0.1986
                    194.50    0.1976
                    194.75    0.1982
                    195.00    0.1915
                    195.25    0.1964
                    195.50    0.1945
                    195.75    0.1965
                    196.00    0.1936
                    196.25    0.1963
                    196.50    0.1950
                    196.75    0.1988
                    197.00    0.1952
                    197.25    0.1956
                    197.50    0.1954
                    197.75    0.1960
                    198.00    0.1945
                    198.25    0.1939
                    198.50    0.1959
                    198.75    0.1971
                    199.00    0.1972
                    199.25    0.1919
                    199.50    0.1954
                    199.75    0.1960
                    200.00    0.1940
                    200.25    0.1946
                    200.50    0.1946
                    200.75    0.1958
                    201.00    0.1950
                    201.25    0.1966
                    201.50    0.1971
                    201.75    0.1955
                    202.00    0.1940
                    202.25    0.1940
                    202.50    0.1949
                    202.75    0.1947
                    203.00    0.1920
                    203.25    0.1946
                    203.50    0.1939
                    203.75    0.1970
                    204.00    0.1963
                    204.25    0.1959
                    204.50    0.1943
                    204.75    0.1936
                    205.00    0.1963
                    205.25    0.1956
                    205.50    0.1926
                    205.75    0.1971
                    206.00    0.1943
                    206.25    0.1945
                    206.50    0.1963
                    206.75    0.1952
                    207.00    0.1973
                    207.25    0.1935
                    207.50    0.1980
                    207.75    0.1947
                    208.00    0.1972
                    208.25    0.1963
                    208.50    0.1965
                    208.75    0.1988
                    209.00    0.1998
                    209.25    0.1992
                    209.50    0.1998
                    209.75    0.1998
                    210.00    0.2070
                    210.25    0.1943
                    210.50    0.2118
                    210.75    0.1952
                    211.00    0.1970
                    211.25    0.1961
                    211.50    0.2055
                    211.75    0.1980
                    212.00    0.1960
                    212.25    0.1944
                    212.50    0.1969
                    212.75    0.2010
                    213.00    0.2010
                    213.25    0.2168
                    213.50    0.1957
                    213.75    0.2013
                    214.00    0.1961
                    214.25    0.2079
                    214.50    0.2045
                    214.75    0.1962
                    215.00    0.2103
                    215.25    0.1988
                    215.50    0.1985
                    215.75    0.1954
                    216.00    0.2009
                    216.25    0.2130
                    216.50    0.2132
                    216.75    0.2123
                    217.00    0.2008
                    217.25    0.2016
                    217.50    0.2059
                    217.75    0.1997
                    218.00    0.2084
                    218.25    0.1929
                    218.50    0.2150
                    218.75    0.2072
                    219.00    0.2028
                    219.25    0.2161
                    219.50    0.2021
                    219.75    0.2093
                    220.00    0.2060
                    220.25    0.2034
                    220.50    0.2055
                    220.75    0.2051
                    221.00    0.2033
                    221.25    0.2178
                    221.50    0.2194
                    221.75    0.2026
                    222.00    0.2200
                    222.25    0.2111
                    222.50    0.2038
                    222.75    0.2042
                    223.00    0.2025
                    223.25    0.2278
                    223.50    0.2016
                    223.75    0.2063
                    224.00    0.2138
                    224.25    0.1977
                    224.50    0.2129
                    224.75    0.1964
                    225.00    0.2049
                    225.25    0.2158
                    225.50    0.2080
                    225.75    0.2006
                    226.00    0.2072
                    226.25    0.1975
                    226.50    0.1990
                    226.75    0.2018
                    227.00    0.2056
                    227.25    0.2131
                    227.50    0.2134
                    227.75    0.2012
                    228.00    0.2197
                    228.25    0.1974
                    228.50    0.2019
                    228.75    0.2045
                    229.00    0.1982
                    229.25    0.2180
                    229.50    0.2145
                    229.75    0.1976
                    230.00    0.2056
                    230.25    0.2144
                    230.50    0.2101
                    230.75    0.2088
                    231.00    0.2041
                    231.25    0.2013
                    231.50    0.2066
                    231.75    0.2075
                    232.00    0.2041
                    232.25    0.2043
                    232.50    0.2011
                    232.75    0.2128
                    233.00    0.2136
                    233.25    0.2049
                    233.50    0.2005
                    233.75    0.2042
                    234.00    0.2051
                    234.25    0.2099
                    234.50    0.1978
                    234.75    0.1954
                    235.00    0.2047
                    235.25    0.2005
                    235.50    0.2001
                    235.75    0.2084
                    236.00    0.2012
                    236.25    0.2095
                    236.50    0.2111
                    236.75    0.1944
                    237.00    0.2102
                    237.25    0.2017
                    237.50    0.1989
                    237.75    0.1959
                    238.00    0.1975
                    238.25    0.1991
                    238.50    0.2081
                    238.75    0.1967
                    239.00    0.1959
                    239.25    0.1952
                    239.50    0.2116
                    239.75    0.2022
                    240.00    0.1973
                    240.25    0.1973
                    240.50    0.2002
                    240.75    0.1951
                    241.00    0.1968
                    241.25    0.1976
                    241.50    0.1956
                    241.75    0.2011
                    242.00    0.1929
                    242.25    0.1974
                    242.50    0.2003
                    242.75    0.1950
                    243.00    0.1989
                    243.25    0.2039
                    243.50    0.1979
                    243.75    0.1962
                    244.00    0.2048
                </tableData>
              </table>
        </function>  
      </set>
    </event>

    <!-- 
    Here we are just calculating the new commanded elevator position, from 
    the position in the criteria data, and the offset of the JSBSim trimmed
    position from the criteria
    -->
    <event name="Calculate the cmd elev pos in deg" continuous="true">
      <condition> simulation/sim-time-sec ge 0.0 </condition>
      <set name="fcs/elevator-cmd-deg">
        <function>
          <sum>   
             <property> fcs/elevator-playback-cmd-deg </property>
            <property> fcs/elevator-offset-deg </property>
          </sum>
        </function>
      </set>
    </event>

    <!-- 
    Calculate the normalized position for the elevator. Note that this reflects
    the FCS section in the Tutorial_1.xml file, although we used degrees here
    instead of radians, just to eliminate one conversion.
    -->
    <event name="Calculate the normalized cmd elevator position" continuous="true">
      <condition> simulation/sim-time-sec ge 0.2 </condition>
      <set name="fcs/elevator-cmd-norm">
        <function>
            <table>
            <independentVar lookup="row"> fcs/elevator-cmd-deg </independentVar>
            <tableData>
                -20.0    -1.0
                 20.0     1.0
            </tableData>
          </table>
        </function>
      </set>
    </event>

  </run>

</runscript>
