<?xml version="1.0" encoding="utf-8"?>
<?xml-stylesheet type="text/xsl" href="http://jsbsim.sf.net/JSBSimScript.xsl"?>
<runscript xmlns:xsi="http://www.w3.org/2001/XMLSchema-instance"
    xsi:noNamespaceSchemaLocation="http://jsbsim.sf.net/JSBSimScript.xsd"
    name="Trim in Cruise configuration">

  <description>
    Trimmed at altitude/airspeed in Cruise configuration, 
    run for 1 second

      Author:
    Bill Galbraith
    Holy Cows, Inc.
    billg@holycows.net
    December 2010
  </description>

  <use aircraft="Tutorial_1" initialize="scripts/airborne"/>
  <run start="0" end="1" dt="0.00833333">

    <!-- 
	  Specify the initial conditions for the test if
	  different than in the initialize script, and
	  trim the aircraft.
	-->
    <event name="Trim">
      <condition> simulation/sim-time-sec ge 0.0 </condition>
	  <set name="ic/vc-kts"  value="191.0"/>
	  <set name="ic/h-sl-ft" value="4779.0"/>
      <set name="simulation/do_simple_trim" value="1"/>
    </event>

  </run>

</runscript>
